[
  {
    "eventType": "DELAYED_MESSAGE_POSTED",
    "timestamp": 1524741254993,
    "actionCode": -1,
    "delayTime": 60000,
    "canScrollTo": false,
    "elementDescriptors": []
  },
  {
    "eventType": "VIEW_CLICKED",
    "timestamp": 1524741263929,
    "replacementText": "Kirjaudu Google-tilill�",
    "actionCode": -1,
    "delayTime": 0,
    "canScrollTo": true,
    "elementDescriptors": [
      {
        "className": "com.firebase.ui.auth.util.ui.SupportVectorDrawablesButton",
        "recyclerViewChildPosition": -1,
        "adapterViewChildPosition": -1,
        "groupViewChildPosition": 1,
        "resourceId": "com.example.kona.myapplication:id/google_button",
        "contentDescription": "",
        "text": "Kirjaudu Google-tilill�"
      },
      {
        "className": "android.widget.LinearLayout",
        "recyclerViewChildPosition": -1,
        "adapterViewChildPosition": -1,
        "groupViewChildPosition": 0,
        "resourceId": "com.example.kona.myapplication:id/btn_holder",
        "contentDescription": "",
        "text": ""
      },
      {
        "className": "android.widget.ScrollView",
        "recyclerViewChildPosition": -1,
        "adapterViewChildPosition": -1,
        "groupViewChildPosition": 1,
        "resourceId": "com.example.kona.myapplication:id/container",
        "contentDescription": "",
        "text": ""
      }
    ]
  },
  {
    "eventType": "DELAYED_MESSAGE_POSTED",
    "timestamp": 1524741266936,
    "actionCode": -1,
    "delayTime": 3598699,
    "canScrollTo": false,
    "elementDescriptors": []
  },
  {
    "eventType": "VIEW_CLICKED",
    "timestamp": 1524741283673,
    "replacementText": "",
    "actionCode": -1,
    "delayTime": 0,
    "canScrollTo": false,
    "elementDescriptors": [
      {
        "className": "android.widget.Button",
        "recyclerViewChildPosition": -1,
        "adapterViewChildPosition": -1,
        "groupViewChildPosition": 6,
        "resourceId": "com.example.kona.myapplication:id/menu",
        "contentDescription": "",
        "text": ""
      },
      {
        "className": "android.support.constraint.ConstraintLayout",
        "recyclerViewChildPosition": -1,
        "adapterViewChildPosition": -1,
        "groupViewChildPosition": 0,
        "resourceId": "",
        "contentDescription": "",
        "text": ""
      },
      {
        "className": "android.widget.FrameLayout",
        "recyclerViewChildPosition": -1,
        "adapterViewChildPosition": -1,
        "groupViewChildPosition": 1,
        "resourceId": "android:id/content",
        "contentDescription": "",
        "text": ""
      }
    ]
  },
  {
    "eventType": "DELAYED_MESSAGE_POSTED",
    "timestamp": 1524741285426,
    "actionCode": -1,
    "delayTime": 60000,
    "canScrollTo": false,
    "elementDescriptors": []
  },
  {
    "eventType": "VIEW_CLICKED",
    "timestamp": 1524741288472,
    "replacementText": "",
    "actionCode": -1,
    "delayTime": 0,
    "canScrollTo": false,
    "elementDescriptors": [
      {
        "className": "android.widget.Button",
        "recyclerViewChildPosition": -1,
        "adapterViewChildPosition": -1,
        "groupViewChildPosition": 3,
        "resourceId": "com.example.kona.myapplication:id/profile",
        "contentDescription": "",
        "text": ""
      },
      {
        "className": "android.widget.RelativeLayout",
        "recyclerViewChildPosition": -1,
        "adapterViewChildPosition": -1,
        "groupViewChildPosition": 7,
        "resourceId": "com.example.kona.myapplication:id/menuOverlay",
        "contentDescription": "",
        "text": ""
      },
      {
        "className": "android.support.constraint.ConstraintLayout",
        "recyclerViewChildPosition": -1,
        "adapterViewChildPosition": -1,
        "groupViewChildPosition": 0,
        "resourceId": "",
        "contentDescription": "",
        "text": ""
      }
    ]
  },
  {
    "eventType": "DELAYED_MESSAGE_POSTED",
    "timestamp": 1524741289925,
    "actionCode": -1,
    "delayTime": 3599823,
    "canScrollTo": false,
    "elementDescriptors": []
  },
  {
    "eventType": "VIEW_CLICKED",
    "timestamp": 1524741295447,
    "replacementText": "Konstax",
    "actionCode": -1,
    "delayTime": 0,
    "canScrollTo": false,
    "elementDescriptors": [
      {
        "className": "android.support.v7.widget.AppCompatEditText",
        "recyclerViewChildPosition": -1,
        "adapterViewChildPosition": -1,
        "groupViewChildPosition": 7,
        "resourceId": "com.example.kona.myapplication:id/newName",
        "contentDescription": "",
        "text": "Konstax"
      },
      {
        "className": "android.support.constraint.ConstraintLayout",
        "recyclerViewChildPosition": -1,
        "adapterViewChildPosition": -1,
        "groupViewChildPosition": 0,
        "resourceId": "",
        "contentDescription": "",
        "text": ""
      },
      {
        "className": "android.support.v7.widget.ContentFrameLayout",
        "recyclerViewChildPosition": -1,
        "adapterViewChildPosition": -1,
        "groupViewChildPosition": 1,
        "resourceId": "android:id/content",
        "contentDescription": "",
        "text": ""
      }
    ]
  },
  {
    "eventType": "VIEW_TEXT_CHANGED",
    "timestamp": 1524741299240,
    "replacementText": "konsta1",
    "actionCode": -1,
    "delayTime": 0,
    "canScrollTo": false,
    "elementDescriptors": [
      {
        "className": "android.support.v7.widget.AppCompatEditText",
        "recyclerViewChildPosition": -1,
        "adapterViewChildPosition": -1,
        "groupViewChildPosition": 7,
        "resourceId": "com.example.kona.myapplication:id/newName",
        "contentDescription": "",
        "text": "Konstax"
      },
      {
        "className": "android.support.constraint.ConstraintLayout",
        "recyclerViewChildPosition": -1,
        "adapterViewChildPosition": -1,
        "groupViewChildPosition": 0,
        "resourceId": "",
        "contentDescription": "",
        "text": ""
      },
      {
        "className": "android.support.v7.widget.ContentFrameLayout",
        "recyclerViewChildPosition": -1,
        "adapterViewChildPosition": -1,
        "groupViewChildPosition": 1,
        "resourceId": "android:id/content",
        "contentDescription": "",
        "text": ""
      }
    ]
  },
  {
    "eventType": "PRESSED_EDITOR_ACTION",
    "timestamp": 1524741328347,
    "replacementText": "konsta1",
    "actionCode": 6,
    "delayTime": 0,
    "canScrollTo": false,
    "elementDescriptors": [
      {
        "className": "android.support.v7.widget.AppCompatEditText",
        "recyclerViewChildPosition": -1,
        "adapterViewChildPosition": -1,
        "groupViewChildPosition": 7,
        "resourceId": "com.example.kona.myapplication:id/newName",
        "contentDescription": "",
        "text": "konsta1"
      },
      {
        "className": "android.support.constraint.ConstraintLayout",
        "recyclerViewChildPosition": -1,
        "adapterViewChildPosition": -1,
        "groupViewChildPosition": 0,
        "resourceId": "",
        "contentDescription": "",
        "text": ""
      },
      {
        "className": "android.support.v7.widget.ContentFrameLayout",
        "recyclerViewChildPosition": -1,
        "adapterViewChildPosition": -1,
        "groupViewChildPosition": 1,
        "resourceId": "android:id/content",
        "contentDescription": "",
        "text": ""
      }
    ]
  },
  {
    "eventType": "VIEW_CLICKED",
    "timestamp": 1524741333279,
    "replacementText": "",
    "actionCode": -1,
    "delayTime": 0,
    "canScrollTo": false,
    "elementDescriptors": [
      {
        "className": "android.support.v7.widget.AppCompatButton",
        "recyclerViewChildPosition": -1,
        "adapterViewChildPosition": -1,
        "groupViewChildPosition": 1,
        "resourceId": "com.example.kona.myapplication:id/changeName",
        "contentDescription": "",
        "text": ""
      },
      {
        "className": "android.support.constraint.ConstraintLayout",
        "recyclerViewChildPosition": -1,
        "adapterViewChildPosition": -1,
        "groupViewChildPosition": 0,
        "resourceId": "",
        "contentDescription": "",
        "text": ""
      },
      {
        "className": "android.support.v7.widget.ContentFrameLayout",
        "recyclerViewChildPosition": -1,
        "adapterViewChildPosition": -1,
        "groupViewChildPosition": 1,
        "resourceId": "android:id/content",
        "contentDescription": "",
        "text": ""
      }
    ]
  },
  {
    "eventType": "DELAYED_MESSAGE_POSTED",
    "timestamp": 1524741335329,
    "actionCode": -1,
    "delayTime": 3595439,
    "canScrollTo": false,
    "elementDescriptors": []
  },
  {
    "eventType": "VIEW_CLICKED",
    "timestamp": 1524741344241,
    "replacementText": "",
    "actionCode": -1,
    "delayTime": 0,
    "canScrollTo": false,
    "elementDescriptors": [
      {
        "className": "android.support.v7.widget.AppCompatButton",
        "recyclerViewChildPosition": -1,
        "adapterViewChildPosition": -1,
        "groupViewChildPosition": 3,
        "resourceId": "com.example.kona.myapplication:id/getjob",
        "contentDescription": "",
        "text": ""
      },
      {
        "className": "android.support.constraint.ConstraintLayout",
        "recyclerViewChildPosition": -1,
        "adapterViewChildPosition": -1,
        "groupViewChildPosition": 0,
        "resourceId": "",
        "contentDescription": "",
        "text": ""
      },
      {
        "className": "android.support.v7.widget.ContentFrameLayout",
        "recyclerViewChildPosition": -1,
        "adapterViewChildPosition": -1,
        "groupViewChildPosition": 1,
        "resourceId": "android:id/content",
        "contentDescription": "",
        "text": ""
      }
    ]
  },
  {
    "eventType": "DELAYED_MESSAGE_POSTED",
    "timestamp": 1524741345885,
    "actionCode": -1,
    "delayTime": 3599960,
    "canScrollTo": false,
    "elementDescriptors": []
  },
  {
    "eventType": "VIEW_CLICKED",
    "timestamp": 1524741386341,
    "replacementText": "",
    "actionCode": -1,
    "delayTime": 0,
    "canScrollTo": false,
    "elementDescriptors": [
      {
        "className": "android.widget.Button",
        "recyclerViewChildPosition": -1,
        "adapterViewChildPosition": -1,
        "groupViewChildPosition": 6,
        "resourceId": "com.example.kona.myapplication:id/menu",
        "contentDescription": "",
        "text": ""
      },
      {
        "className": "android.support.constraint.ConstraintLayout",
        "recyclerViewChildPosition": -1,
        "adapterViewChildPosition": -1,
        "groupViewChildPosition": 0,
        "resourceId": "",
        "contentDescription": "",
        "text": ""
      },
      {
        "className": "android.widget.FrameLayout",
        "recyclerViewChildPosition": -1,
        "adapterViewChildPosition": -1,
        "groupViewChildPosition": 1,
        "resourceId": "android:id/content",
        "contentDescription": "",
        "text": ""
      }
    ]
  },
  {
    "eventType": "VIEW_CLICKED",
    "timestamp": 1524741390872,
    "replacementText": "",
    "actionCode": -1,
    "delayTime": 0,
    "canScrollTo": false,
    "elementDescriptors": [
      {
        "className": "android.widget.Button",
        "recyclerViewChildPosition": -1,
        "adapterViewChildPosition": -1,
        "groupViewChildPosition": 4,
        "resourceId": "com.example.kona.myapplication:id/quests",
        "contentDescription": "",
        "text": ""
      },
      {
        "className": "android.widget.RelativeLayout",
        "recyclerViewChildPosition": -1,
        "adapterViewChildPosition": -1,
        "groupViewChildPosition": 7,
        "resourceId": "com.example.kona.myapplication:id/menuOverlay",
        "contentDescription": "",
        "text": ""
      },
      {
        "className": "android.support.constraint.ConstraintLayout",
        "recyclerViewChildPosition": -1,
        "adapterViewChildPosition": -1,
        "groupViewChildPosition": 0,
        "resourceId": "",
        "contentDescription": "",
        "text": ""
      }
    ]
  },
  {
    "eventType": "DELAYED_MESSAGE_POSTED",
    "timestamp": 1524741394263,
    "actionCode": -1,
    "delayTime": 5000,
    "canScrollTo": false,
    "elementDescriptors": []
  },
  {
    "eventType": "VIEW_CLICKED",
    "timestamp": 1524741404908,
    "replacementText": "",
    "actionCode": -1,
    "delayTime": 0,
    "canScrollTo": false,
    "elementDescriptors": [
      {
        "className": "android.widget.Button",
        "recyclerViewChildPosition": -1,
        "adapterViewChildPosition": -1,
        "groupViewChildPosition": 4,
        "resourceId": "com.example.kona.myapplication:id/quests",
        "contentDescription": "",
        "text": ""
      },
      {
        "className": "android.widget.RelativeLayout",
        "recyclerViewChildPosition": -1,
        "adapterViewChildPosition": -1,
        "groupViewChildPosition": 7,
        "resourceId": "com.example.kona.myapplication:id/menuOverlay",
        "contentDescription": "",
        "text": ""
      },
      {
        "className": "android.support.constraint.ConstraintLayout",
        "recyclerViewChildPosition": -1,
        "adapterViewChildPosition": -1,
        "groupViewChildPosition": 0,
        "resourceId": "",
        "contentDescription": "",
        "text": ""
      }
    ]
  },
  {
    "eventType": "DELAYED_MESSAGE_POSTED",
    "timestamp": 1524741408410,
    "actionCode": -1,
    "delayTime": 5000,
    "canScrollTo": false,
    "elementDescriptors": []
  },
  {
    "eventType": "VIEW_CLICKED",
    "timestamp": 1524741413433,
    "replacementText": "",
    "actionCode": -1,
    "delayTime": 0,
    "canScrollTo": false,
    "elementDescriptors": [
      {
        "className": "android.widget.Button",
        "recyclerViewChildPosition": -1,
        "adapterViewChildPosition": -1,
        "groupViewChildPosition": 6,
        "resourceId": "com.example.kona.myapplication:id/menu",
        "contentDescription": "",
        "text": ""
      },
      {
        "className": "android.support.constraint.ConstraintLayout",
        "recyclerViewChildPosition": -1,
        "adapterViewChildPosition": -1,
        "groupViewChildPosition": 0,
        "resourceId": "",
        "contentDescription": "",
        "text": ""
      },
      {
        "className": "android.widget.FrameLayout",
        "recyclerViewChildPosition": -1,
        "adapterViewChildPosition": -1,
        "groupViewChildPosition": 1,
        "resourceId": "android:id/content",
        "contentDescription": "",
        "text": ""
      }
    ]
  },
  {
    "eventType": "DELAYED_MESSAGE_POSTED",
    "timestamp": 1524741429223,
    "actionCode": -1,
    "delayTime": 5000,
    "canScrollTo": false,
    "elementDescriptors": []
  }
]