{
  "project_info": {
    "project_number": "439188694648",
    "firebase_url": "https://macross-86601.firebaseio.com",
    "project_id": "macross-86601",
    "storage_bucket": "macross-86601.appspot.com"
  },
  "client": [
    {
      "client_info": {
        "mobilesdk_app_id": "1:439188694648:android:0b435128401aadf5622f8d",
        "android_client_info": {
          "package_name": "com.example.macross"
        }
      },
      "oauth_client": [
        {
          "client_id": "439188694648-sj32hb6k6h52n4oqclddf1h2kv5kd3mu.apps.googleusercontent.com",
          "client_type": 3
        }
      ],
      "api_key": [
        {
          "current_key": "AIzaSyDzshMhnFSUHXbM19OXHdtGdl5boundiSk"
        }
      ],
      "services": {
        "appinvite_service": {
          "other_platform_oauth_client": [
            {
              "client_id": "439188694648-sj32hb6k6h52n4oqclddf1h2kv5kd3mu.apps.googleusercontent.com",
              "client_type": 3
            }
          ]
        }
      }
    }
  ],
  "configuration_version": "1"
}